-- phpMyAdmin SQL Dump
-- version 5.1.2
-- https://www.phpmyadmin.net/
--
-- Hôte : localhost:3306
-- Généré le : jeu. 21 nov. 2024 à 16:04
-- Version du serveur : 5.7.24
-- Version de PHP : 8.3.1

SET SQL_MODE = "NO_AUTO_VALUE_ON_ZERO";
START TRANSACTION;
SET time_zone = "+00:00";


/*!40101 SET @OLD_CHARACTER_SET_CLIENT=@@CHARACTER_SET_CLIENT */;
/*!40101 SET @OLD_CHARACTER_SET_RESULTS=@@CHARACTER_SET_RESULTS */;
/*!40101 SET @OLD_COLLATION_CONNECTION=@@COLLATION_CONNECTION */;
/*!40101 SET NAMES utf8mb4 */;

--
-- Base de données : `ap2`
--

-- --------------------------------------------------------

--
-- Structure de la table `allergiemedicament`
--

CREATE TABLE `allergiemedicament` (
  `AllergiesAllergieId` int(11) NOT NULL,
  `MedicamentsMedicamentId` int(11) NOT NULL
) ENGINE=InnoDB DEFAULT CHARSET=utf8mb4;

--
-- Déchargement des données de la table `allergiemedicament`
--

INSERT INTO `allergiemedicament` (`AllergiesAllergieId`, `MedicamentsMedicamentId`) VALUES
(3, 1),
(1, 2),
(1, 3);

-- --------------------------------------------------------

--
-- Structure de la table `allergiepatient`
--

CREATE TABLE `allergiepatient` (
  `AllergiesAllergieId` int(11) NOT NULL,
  `PatientsPatientId` int(11) NOT NULL
) ENGINE=InnoDB DEFAULT CHARSET=utf8mb4;

-- --------------------------------------------------------

--
-- Structure de la table `allergies`
--

CREATE TABLE `allergies` (
  `AllergieId` int(11) NOT NULL,
  `Libelle_al` longtext NOT NULL
) ENGINE=InnoDB DEFAULT CHARSET=utf8mb4;

--
-- Déchargement des données de la table `allergies`
--

INSERT INTO `allergies` (`AllergieId`, `Libelle_al`) VALUES
(1, 'Pollen'),
(2, 'Acariens'),
(3, 'Pénicilline'),
(4, 'Noix'),
(5, 'Lactose'),
(6, 'Arachides'),
(7, 'Poisson'),
(8, 'Œufs'),
(9, 'Lait'),
(10, 'Gluten');

-- --------------------------------------------------------

--
-- Structure de la table `antecedentmedicament`
--

CREATE TABLE `antecedentmedicament` (
  `AntecedentsAntecedentId` int(11) NOT NULL,
  `MedicamentsMedicamentId` int(11) NOT NULL
) ENGINE=InnoDB DEFAULT CHARSET=utf8mb4;

--
-- Déchargement des données de la table `antecedentmedicament`
--

INSERT INTO `antecedentmedicament` (`AntecedentsAntecedentId`, `MedicamentsMedicamentId`) VALUES
(3, 1),
(8, 1),
(3, 3);

-- --------------------------------------------------------

--
-- Structure de la table `antecedentpatient`
--

CREATE TABLE `antecedentpatient` (
  `AntecedentsAntecedentId` int(11) NOT NULL,
  `PatientsPatientId` int(11) NOT NULL
) ENGINE=InnoDB DEFAULT CHARSET=utf8mb4;

-- --------------------------------------------------------

--
-- Structure de la table `antecedents`
--

CREATE TABLE `antecedents` (
  `AntecedentId` int(11) NOT NULL,
  `Libelle_a` longtext NOT NULL
) ENGINE=InnoDB DEFAULT CHARSET=utf8mb4;

--
-- Déchargement des données de la table `antecedents`
--

INSERT INTO `antecedents` (`AntecedentId`, `Libelle_a`) VALUES
(1, 'Hypertension'),
(2, 'Diabète de type 1'),
(3, 'Asthme'),
(4, 'Cancer'),
(5, 'Maladies cardiovasculaires'),
(6, 'Accident vasculaire cérébral (AVC)'),
(7, 'Arthrite'),
(8, 'Epilepsie'),
(9, 'Cholestérol élevé'),
(10, 'Maladies rénales'),
(11, 'Rhumatisme');

-- --------------------------------------------------------

--
-- Structure de la table `aspnetroleclaims`
--

CREATE TABLE `aspnetroleclaims` (
  `Id` int(11) NOT NULL,
  `RoleId` varchar(255) NOT NULL,
  `ClaimType` longtext,
  `ClaimValue` longtext
) ENGINE=InnoDB DEFAULT CHARSET=utf8mb4;

-- --------------------------------------------------------

--
-- Structure de la table `aspnetroles`
--

CREATE TABLE `aspnetroles` (
  `Id` varchar(255) NOT NULL,
  `Name` varchar(256) DEFAULT NULL,
  `NormalizedName` varchar(256) DEFAULT NULL,
  `ConcurrencyStamp` longtext
) ENGINE=InnoDB DEFAULT CHARSET=utf8mb4;

-- --------------------------------------------------------

--
-- Structure de la table `aspnetuserclaims`
--

CREATE TABLE `aspnetuserclaims` (
  `Id` int(11) NOT NULL,
  `UserId` varchar(255) NOT NULL,
  `ClaimType` longtext,
  `ClaimValue` longtext
) ENGINE=InnoDB DEFAULT CHARSET=utf8mb4;

-- --------------------------------------------------------

--
-- Structure de la table `aspnetuserlogins`
--

CREATE TABLE `aspnetuserlogins` (
  `LoginProvider` varchar(128) NOT NULL,
  `ProviderKey` varchar(128) NOT NULL,
  `ProviderDisplayName` longtext,
  `UserId` varchar(255) NOT NULL
) ENGINE=InnoDB DEFAULT CHARSET=utf8mb4;

-- --------------------------------------------------------

--
-- Structure de la table `aspnetuserroles`
--

CREATE TABLE `aspnetuserroles` (
  `UserId` varchar(255) NOT NULL,
  `RoleId` varchar(255) NOT NULL
) ENGINE=InnoDB DEFAULT CHARSET=utf8mb4;

-- --------------------------------------------------------

--
-- Structure de la table `aspnetusers`
--

CREATE TABLE `aspnetusers` (
  `Id` varchar(255) NOT NULL,
  `Date_naissance_m` datetime(6) NOT NULL,
  `Role` varchar(30) NOT NULL,
  `UserName` varchar(256) DEFAULT NULL,
  `NormalizedUserName` varchar(256) DEFAULT NULL,
  `Email` varchar(256) DEFAULT NULL,
  `NormalizedEmail` varchar(256) DEFAULT NULL,
  `EmailConfirmed` tinyint(1) NOT NULL,
  `PasswordHash` longtext,
  `SecurityStamp` longtext,
  `ConcurrencyStamp` longtext,
  `PhoneNumber` longtext,
  `PhoneNumberConfirmed` tinyint(1) NOT NULL,
  `TwoFactorEnabled` tinyint(1) NOT NULL,
  `LockoutEnd` datetime(6) DEFAULT NULL,
  `LockoutEnabled` tinyint(1) NOT NULL,
  `AccessFailedCount` int(11) NOT NULL
) ENGINE=InnoDB DEFAULT CHARSET=utf8mb4;

-- --------------------------------------------------------

--
-- Structure de la table `aspnetusertokens`
--

CREATE TABLE `aspnetusertokens` (
  `UserId` varchar(255) NOT NULL,
  `LoginProvider` varchar(128) NOT NULL,
  `Name` varchar(128) NOT NULL,
  `Value` longtext
) ENGINE=InnoDB DEFAULT CHARSET=utf8mb4;

-- --------------------------------------------------------

--
-- Structure de la table `instructors`
--

CREATE TABLE `instructors` (
  `InstructorId` int(11) NOT NULL,
  `FirstName` longtext,
  `LastName` longtext NOT NULL,
  `IsTenured` tinyint(1) NOT NULL,
  `Rank` int(11) NOT NULL,
  `HiringDate` datetime(6) DEFAULT NULL,
  `PhoneNumber` longtext,
  `EmailAddress` longtext,
  `PersonalUrl` longtext,
  `Password` varchar(10) DEFAULT NULL
) ENGINE=InnoDB DEFAULT CHARSET=utf8mb4;

--
-- Déchargement des données de la table `instructors`
--

INSERT INTO `instructors` (`InstructorId`, `FirstName`, `LastName`, `IsTenured`, `Rank`, `HiringDate`, `PhoneNumber`, `EmailAddress`, `PersonalUrl`, `Password`) VALUES
(1, 'Jane', 'Doe', 1, 3, '2010-01-01 00:00:00.000000', NULL, NULL, NULL, NULL),
(2, 'John', 'Smith', 0, 1, '2015-01-01 00:00:00.000000', NULL, NULL, NULL, NULL),
(3, 'Jane', 'Smith', 1, 4, '2012-01-01 00:00:00.000000', NULL, NULL, NULL, NULL);

-- --------------------------------------------------------

--
-- Structure de la table `medicamentordonnance`
--

CREATE TABLE `medicamentordonnance` (
  `MedicamentsMedicamentId` int(11) NOT NULL,
  `OrdonnancesOrdonnanceId` int(11) NOT NULL
) ENGINE=InnoDB DEFAULT CHARSET=utf8mb4;

-- --------------------------------------------------------

--
-- Structure de la table `medicaments`
--

CREATE TABLE `medicaments` (
  `MedicamentId` int(11) NOT NULL,
  `Libelle_med` longtext NOT NULL,
  `Contr_indication` longtext NOT NULL,
  `compteur` int(11) NOT NULL
) ENGINE=InnoDB DEFAULT CHARSET=utf8mb4;

--
-- Déchargement des données de la table `medicaments`
--

INSERT INTO `medicaments` (`MedicamentId`, `Libelle_med`, `Contr_indication`, `compteur`) VALUES
(1, 'ASPIRINE', 'Asthme', 1),
(2, 'DOLIPRANE', 'Pollen', 0),
(3, 'SPASFON', 'ne pas prendre durant la grossesse', 0);

-- --------------------------------------------------------

--
-- Structure de la table `ordonnances`
--

CREATE TABLE `ordonnances` (
  `OrdonnanceId` int(11) NOT NULL,
  `Posologie` longtext NOT NULL,
  `Date_debut` datetime(6) NOT NULL,
  `Date_fin` datetime(6) NOT NULL,
  `Instructions_specifique` longtext,
  `MedecinId` varchar(255) NOT NULL,
  `PatientId` int(11) NOT NULL
) ENGINE=InnoDB DEFAULT CHARSET=utf8mb4;

-- --------------------------------------------------------

--
-- Structure de la table `patients`
--

CREATE TABLE `patients` (
  `PatientId` int(11) NOT NULL,
  `Nom_p` longtext NOT NULL,
  `Prenom_p` longtext NOT NULL,
  `Sexe_p` longtext NOT NULL,
  `Num_secu` longtext NOT NULL
) ENGINE=InnoDB DEFAULT CHARSET=utf8mb4;

-- --------------------------------------------------------

--
-- Structure de la table `roster`
--

CREATE TABLE `roster` (
  `StudentId` int(11) NOT NULL,
  `FirstName` longtext,
  `LastName` longtext,
  `IsVeteran` tinyint(1) NOT NULL,
  `AdmissionDate` datetime(6) NOT NULL,
  `GPA` double NOT NULL,
  `Major` int(11) NOT NULL
) ENGINE=InnoDB DEFAULT CHARSET=utf8mb4;

--
-- Déchargement des données de la table `roster`
--

INSERT INTO `roster` (`StudentId`, `FirstName`, `LastName`, `IsVeteran`, `AdmissionDate`, `GPA`, `Major`) VALUES
(1, 'John', 'Doe', 0, '1990-01-01 00:00:00.000000', 3.5, 1);

--
-- Index pour les tables déchargées
--

--
-- Index pour la table `allergiemedicament`
--
ALTER TABLE `allergiemedicament`
  ADD PRIMARY KEY (`AllergiesAllergieId`,`MedicamentsMedicamentId`),
  ADD KEY `IX_AllergieMedicament_MedicamentsMedicamentId` (`MedicamentsMedicamentId`);

--
-- Index pour la table `allergiepatient`
--
ALTER TABLE `allergiepatient`
  ADD PRIMARY KEY (`AllergiesAllergieId`,`PatientsPatientId`),
  ADD KEY `IX_AllergiePatient_PatientsPatientId` (`PatientsPatientId`);

--
-- Index pour la table `allergies`
--
ALTER TABLE `allergies`
  ADD PRIMARY KEY (`AllergieId`);

--
-- Index pour la table `antecedentmedicament`
--
ALTER TABLE `antecedentmedicament`
  ADD PRIMARY KEY (`AntecedentsAntecedentId`,`MedicamentsMedicamentId`),
  ADD KEY `IX_AntecedentMedicament_MedicamentsMedicamentId` (`MedicamentsMedicamentId`);

--
-- Index pour la table `antecedentpatient`
--
ALTER TABLE `antecedentpatient`
  ADD PRIMARY KEY (`AntecedentsAntecedentId`,`PatientsPatientId`),
  ADD KEY `IX_AntecedentPatient_PatientsPatientId` (`PatientsPatientId`);

--
-- Index pour la table `antecedents`
--
ALTER TABLE `antecedents`
  ADD PRIMARY KEY (`AntecedentId`);

--
-- Index pour la table `aspnetroleclaims`
--
ALTER TABLE `aspnetroleclaims`
  ADD PRIMARY KEY (`Id`),
  ADD KEY `IX_AspNetRoleClaims_RoleId` (`RoleId`);

--
-- Index pour la table `aspnetroles`
--
ALTER TABLE `aspnetroles`
  ADD PRIMARY KEY (`Id`),
  ADD UNIQUE KEY `RoleNameIndex` (`NormalizedName`);

--
-- Index pour la table `aspnetuserclaims`
--
ALTER TABLE `aspnetuserclaims`
  ADD PRIMARY KEY (`Id`),
  ADD KEY `IX_AspNetUserClaims_UserId` (`UserId`);

--
-- Index pour la table `aspnetuserlogins`
--
ALTER TABLE `aspnetuserlogins`
  ADD PRIMARY KEY (`LoginProvider`,`ProviderKey`),
  ADD KEY `IX_AspNetUserLogins_UserId` (`UserId`);

--
-- Index pour la table `aspnetuserroles`
--
ALTER TABLE `aspnetuserroles`
  ADD PRIMARY KEY (`UserId`,`RoleId`),
  ADD KEY `IX_AspNetUserRoles_RoleId` (`RoleId`);

--
-- Index pour la table `aspnetusers`
--
ALTER TABLE `aspnetusers`
  ADD PRIMARY KEY (`Id`),
  ADD UNIQUE KEY `UserNameIndex` (`NormalizedUserName`),
  ADD KEY `EmailIndex` (`NormalizedEmail`);

--
-- Index pour la table `aspnetusertokens`
--
ALTER TABLE `aspnetusertokens`
  ADD PRIMARY KEY (`UserId`,`LoginProvider`,`Name`);

--
-- Index pour la table `instructors`
--
ALTER TABLE `instructors`
  ADD PRIMARY KEY (`InstructorId`);

--
-- Index pour la table `medicamentordonnance`
--
ALTER TABLE `medicamentordonnance`
  ADD PRIMARY KEY (`MedicamentsMedicamentId`,`OrdonnancesOrdonnanceId`),
  ADD KEY `IX_MedicamentOrdonnance_OrdonnancesOrdonnanceId` (`OrdonnancesOrdonnanceId`);

--
-- Index pour la table `medicaments`
--
ALTER TABLE `medicaments`
  ADD PRIMARY KEY (`MedicamentId`);

--
-- Index pour la table `ordonnances`
--
ALTER TABLE `ordonnances`
  ADD PRIMARY KEY (`OrdonnanceId`),
  ADD KEY `IX_Ordonnances_MedecinId` (`MedecinId`),
  ADD KEY `IX_Ordonnances_PatientId` (`PatientId`);

--
-- Index pour la table `patients`
--
ALTER TABLE `patients`
  ADD PRIMARY KEY (`PatientId`);

--
-- Index pour la table `roster`
--
ALTER TABLE `roster`
  ADD PRIMARY KEY (`StudentId`);

--
-- AUTO_INCREMENT pour les tables déchargées
--

--
-- AUTO_INCREMENT pour la table `allergies`
--
ALTER TABLE `allergies`
  MODIFY `AllergieId` int(11) NOT NULL AUTO_INCREMENT, AUTO_INCREMENT=11;

--
-- AUTO_INCREMENT pour la table `antecedents`
--
ALTER TABLE `antecedents`
  MODIFY `AntecedentId` int(11) NOT NULL AUTO_INCREMENT, AUTO_INCREMENT=12;

--
-- AUTO_INCREMENT pour la table `aspnetroleclaims`
--
ALTER TABLE `aspnetroleclaims`
  MODIFY `Id` int(11) NOT NULL AUTO_INCREMENT;

--
-- AUTO_INCREMENT pour la table `aspnetuserclaims`
--
ALTER TABLE `aspnetuserclaims`
  MODIFY `Id` int(11) NOT NULL AUTO_INCREMENT;

--
-- AUTO_INCREMENT pour la table `instructors`
--
ALTER TABLE `instructors`
  MODIFY `InstructorId` int(11) NOT NULL AUTO_INCREMENT, AUTO_INCREMENT=4;

--
-- AUTO_INCREMENT pour la table `medicaments`
--
ALTER TABLE `medicaments`
  MODIFY `MedicamentId` int(11) NOT NULL AUTO_INCREMENT, AUTO_INCREMENT=4;

--
-- AUTO_INCREMENT pour la table `ordonnances`
--
ALTER TABLE `ordonnances`
  MODIFY `OrdonnanceId` int(11) NOT NULL AUTO_INCREMENT;

--
-- AUTO_INCREMENT pour la table `patients`
--
ALTER TABLE `patients`
  MODIFY `PatientId` int(11) NOT NULL AUTO_INCREMENT, AUTO_INCREMENT=7;

--
-- AUTO_INCREMENT pour la table `roster`
--
ALTER TABLE `roster`
  MODIFY `StudentId` int(11) NOT NULL AUTO_INCREMENT, AUTO_INCREMENT=2;

--
-- Contraintes pour les tables déchargées
--

--
-- Contraintes pour la table `allergiemedicament`
--
ALTER TABLE `allergiemedicament`
  ADD CONSTRAINT `FK_AllergieMedicament_Allergies_AllergiesAllergieId` FOREIGN KEY (`AllergiesAllergieId`) REFERENCES `allergies` (`AllergieId`) ON DELETE CASCADE,
  ADD CONSTRAINT `FK_AllergieMedicament_Medicaments_MedicamentsMedicamentId` FOREIGN KEY (`MedicamentsMedicamentId`) REFERENCES `medicaments` (`MedicamentId`) ON DELETE CASCADE;

--
-- Contraintes pour la table `allergiepatient`
--
ALTER TABLE `allergiepatient`
  ADD CONSTRAINT `FK_AllergiePatient_Allergies_AllergiesAllergieId` FOREIGN KEY (`AllergiesAllergieId`) REFERENCES `allergies` (`AllergieId`) ON DELETE CASCADE,
  ADD CONSTRAINT `FK_AllergiePatient_Patients_PatientsPatientId` FOREIGN KEY (`PatientsPatientId`) REFERENCES `patients` (`PatientId`) ON DELETE CASCADE;

--
-- Contraintes pour la table `antecedentmedicament`
--
ALTER TABLE `antecedentmedicament`
  ADD CONSTRAINT `FK_AntecedentMedicament_Antecedents_AntecedentsAntecedentId` FOREIGN KEY (`AntecedentsAntecedentId`) REFERENCES `antecedents` (`AntecedentId`) ON DELETE CASCADE,
  ADD CONSTRAINT `FK_AntecedentMedicament_Medicaments_MedicamentsMedicamentId` FOREIGN KEY (`MedicamentsMedicamentId`) REFERENCES `medicaments` (`MedicamentId`) ON DELETE CASCADE;

--
-- Contraintes pour la table `antecedentpatient`
--
ALTER TABLE `antecedentpatient`
  ADD CONSTRAINT `FK_AntecedentPatient_Antecedents_AntecedentsAntecedentId` FOREIGN KEY (`AntecedentsAntecedentId`) REFERENCES `antecedents` (`AntecedentId`) ON DELETE CASCADE,
  ADD CONSTRAINT `FK_AntecedentPatient_Patients_PatientsPatientId` FOREIGN KEY (`PatientsPatientId`) REFERENCES `patients` (`PatientId`) ON DELETE CASCADE;

--
-- Contraintes pour la table `aspnetroleclaims`
--
ALTER TABLE `aspnetroleclaims`
  ADD CONSTRAINT `FK_AspNetRoleClaims_AspNetRoles_RoleId` FOREIGN KEY (`RoleId`) REFERENCES `aspnetroles` (`Id`) ON DELETE CASCADE;

--
-- Contraintes pour la table `aspnetuserclaims`
--
ALTER TABLE `aspnetuserclaims`
  ADD CONSTRAINT `FK_AspNetUserClaims_AspNetUsers_UserId` FOREIGN KEY (`UserId`) REFERENCES `aspnetusers` (`Id`) ON DELETE CASCADE;

--
-- Contraintes pour la table `aspnetuserlogins`
--
ALTER TABLE `aspnetuserlogins`
  ADD CONSTRAINT `FK_AspNetUserLogins_AspNetUsers_UserId` FOREIGN KEY (`UserId`) REFERENCES `aspnetusers` (`Id`) ON DELETE CASCADE;

--
-- Contraintes pour la table `aspnetuserroles`
--
ALTER TABLE `aspnetuserroles`
  ADD CONSTRAINT `FK_AspNetUserRoles_AspNetRoles_RoleId` FOREIGN KEY (`RoleId`) REFERENCES `aspnetroles` (`Id`) ON DELETE CASCADE,
  ADD CONSTRAINT `FK_AspNetUserRoles_AspNetUsers_UserId` FOREIGN KEY (`UserId`) REFERENCES `aspnetusers` (`Id`) ON DELETE CASCADE;

--
-- Contraintes pour la table `aspnetusertokens`
--
ALTER TABLE `aspnetusertokens`
  ADD CONSTRAINT `FK_AspNetUserTokens_AspNetUsers_UserId` FOREIGN KEY (`UserId`) REFERENCES `aspnetusers` (`Id`) ON DELETE CASCADE;

--
-- Contraintes pour la table `medicamentordonnance`
--
ALTER TABLE `medicamentordonnance`
  ADD CONSTRAINT `FK_MedicamentOrdonnance_Medicaments_MedicamentsMedicamentId` FOREIGN KEY (`MedicamentsMedicamentId`) REFERENCES `medicaments` (`MedicamentId`) ON DELETE CASCADE,
  ADD CONSTRAINT `FK_MedicamentOrdonnance_Ordonnances_OrdonnancesOrdonnanceId` FOREIGN KEY (`OrdonnancesOrdonnanceId`) REFERENCES `ordonnances` (`OrdonnanceId`) ON DELETE CASCADE;

--
-- Contraintes pour la table `ordonnances`
--
ALTER TABLE `ordonnances`
  ADD CONSTRAINT `FK_Ordonnances_AspNetUsers_MedecinId` FOREIGN KEY (`MedecinId`) REFERENCES `aspnetusers` (`Id`) ON DELETE CASCADE,
  ADD CONSTRAINT `FK_Ordonnances_Patients_PatientId` FOREIGN KEY (`PatientId`) REFERENCES `patients` (`PatientId`) ON DELETE CASCADE;
COMMIT;

/*!40101 SET CHARACTER_SET_CLIENT=@OLD_CHARACTER_SET_CLIENT */;
/*!40101 SET CHARACTER_SET_RESULTS=@OLD_CHARACTER_SET_RESULTS */;
/*!40101 SET COLLATION_CONNECTION=@OLD_COLLATION_CONNECTION */;
